Program Name,Program Type,Award Year,Open Date,Deadline,Application Link
2024-2025 HBCU - Sustainable Communities Initiative,Scholarships,2024-2025,2024-03-19,2025-03-21,https://scholarships.uncf.org/s/program-landing-page?id=a2iVJ000005hTfhYAE
2024-2025 UNCF General Scholarship Application,Scholarships,2024-2025,2024-06-03,2025-03-31,https://scholarships.uncf.org/s/program-landing-page?id=a2iVJ00000AdxdZYAR
2024-2025 Ralph Lauren Corporate Foundation Scholarship,Scholarships,2024-2025,2024-06-13,2025-03-17,https://scholarships.uncf.org/s/program-landing-page?id=a2iVJ00000B9IKLYA3
2024-2025 John Lennon Endowed Scholarship Program,Scholarships,2024-2025,2024-09-12,2025-03-31,https://scholarships.uncf.org/s/program-landing-page?id=a2iVJ00000Hv1f7YAB
2024-2025 Early Career Talent Development General Application,Internships;Career,2024-2025,2024-09-05,2025-03-31,https://scholarships.uncf.org/s/program-landing-page?id=a2iVJ00000Kezu7YAB
2024-2025 Nissan Scholars,Scholarships,2024-2025,2024-10-18,2025-03-10,https://scholarships.uncf.org/s/program-landing-page?id=a2iVJ00000OpFlZYAV
2025-2026 Best Buy Health Scholars Program (Undergraduates),Scholarships,2025-2026,2025-02-17,2025-04-17,https://scholarships.uncf.org/s/program-landing-page?id=a2iVJ00000OsHVbYAN
2025-2026 UNCF/Teradyne STEM Scholarship Program,Scholarships,2025-2026,2025-02-06,2025-03-27,https://scholarships.uncf.org/s/program-landing-page?id=a2iVJ00000QjrRSYAZ
2025-2026 UNCF STEM Scholars Program,Scholarships,2025-2026,2025-01-21,2025-03-24,https://scholarships.uncf.org/s/program-landing-page?id=a2iVJ00000Ri6q0YAB
2024-2025 The Pierre and Tana Matisse Scholarship,Scholarships,2024-2025,2024-12-12,2025-03-17,https://scholarships.uncf.org/s/program-landing-page?id=a2iVJ00000Sv5hBYAR
